CREATE TABLE IF NOT EXISTS geodb_hierarchies(
  loc_id integer NOT NULL,
  level integer NOT NULL,
  id_lvl1 integer NOT NULL,
  id_lvl2 integer DEFAULT NULL,
  id_lvl3 integer DEFAULT NULL,
  id_lvl4 integer DEFAULT NULL,
  id_lvl5 integer DEFAULT NULL,
  id_lvl6 integer DEFAULT NULL,
  id_lvl7 integer DEFAULT NULL,
  id_lvl8 integer DEFAULT NULL,
  id_lvl9 integer DEFAULT NULL,
  valid_until varchar(10) NOT NULL,
  id integer GENERATED BY DEFAULT AS IDENTITY PRIMARY KEY
);

CREATE TABLE IF NOT EXISTS  geodb_textdata(
  loc_id integer NOT NULL,
  text_type integer NOT NULL,
  text_val varchar(255) NOT NULL,
  text_locale varchar(5) DEFAULT NULL,
  is_native_lang integer DEFAULT NULL,
  is_default_name integer DEFAULT NULL,
  valid_since date,
  date_type_since integer DEFAULT NULL,
  valid_until varchar(10) NOT NULL,
  date_type_until integer NOT NULL,
id integer GENERATED BY DEFAULT AS IDENTITY PRIMARY KEY
);

CREATE TABLE IF NOT EXISTS  geodb_type_names (
  type_id integer NOT NULL,
  type_locale varchar(5) NOT NULL,
  name varchar(255) NOT NULL,
  id integer GENERATED BY DEFAULT AS IDENTITY PRIMARY KEY
); 

INSERT INTO geodb_hierarchies (loc_id, level, id_lvl1, id_lvl2, id_lvl3, id_lvl4, id_lvl5, id_lvl6, id_lvl7, id_lvl8, id_lvl9, valid_until) VALUES(105, 2, 104, 105, NULL, NULL, NULL, NULL, NULL, NULL, NULL, '1970-01-01');

INSERT INTO geodb_hierarchies (loc_id, level, id_lvl1, id_lvl2, id_lvl3, id_lvl4, id_lvl5, id_lvl6, id_lvl7, id_lvl8, id_lvl9, valid_until) VALUES(622, 5, 104, 105, NULL, NULL, 622, NULL, NULL, NULL, NULL, '1970-01-01');

INSERT INTO geodb_hierarchies (loc_id, level, id_lvl1, id_lvl2, id_lvl3, id_lvl4, id_lvl5, id_lvl6, id_lvl7, id_lvl8, id_lvl9, valid_until) VALUES(18873, 6, 104, 105, NULL, NULL, 622, 18873, NULL, NULL, NULL, '1970-01-01');

INSERT INTO geodb_hierarchies (loc_id, level, id_lvl1, id_lvl2, id_lvl3, id_lvl4, id_lvl5, id_lvl6, id_lvl7, id_lvl8, id_lvl9, valid_until) VALUES(81068, 8, 104, 105, NuLL, NULL, NULL, NULL, NULL, 81068, NULL, '1970-01-01');

INSERT INTO geodb_textdata (loc_id, text_type, text_val, text_locale, is_native_lang, is_default_name, valid_since, date_type_since, valid_until, date_type_until) VALUES(81086, 500100000, 'Stetten', 'de', 1, 1, NULL, NULL, '1970-01-01', 300500000);

INSERT INTO geodb_textdata (loc_id, text_type, text_val, text_locale, is_native_lang, is_default_name, valid_since, date_type_since, valid_until, date_type_until) VALUES(81086, 500300000, '70771', NULL, NULL, NULL, NULL, NULL, '1970-01-01', 300500000);

INSERT INTO geodb_textdata (loc_id, text_type, text_val, text_locale, is_native_lang, is_default_name, valid_since, date_type_since, valid_until, date_type_until) VALUES(18873, 500100000, 'Iserlohn', 'de', 1, 1, NULL, NULL, '1970-01-01', 300500000);

INSERT INTO geodb_textdata (loc_id, text_type, text_val, text_locale, is_native_lang, is_default_name, valid_since, date_type_since, valid_until, date_type_until) VALUES(18873, 500300000, '58636', NULL, NULL, NULL, NULL, NULL, '1970-01-01', 300500000);

INSERT INTO geodb_textdata (loc_id, text_type, text_val, text_locale, is_native_lang, is_default_name, valid_since, date_type_since, valid_until, date_type_until) VALUES(18873, 500300000, '58638', NULL, NULL, NULL, NULL, NULL, '1970-01-01', 300500000);

INSERT INTO geodb_textdata (loc_id, text_type, text_val, text_locale, is_native_lang, is_default_name, valid_since, date_type_since, valid_until, date_type_until) VALUES(18873, 500300000, '58640', NULL, NULL, NULL, NULL, NULL, '1970-01-01', 300500000);

INSERT INTO geodb_textdata (loc_id, text_type, text_val, text_locale, is_native_lang, is_default_name, valid_since, date_type_since, valid_until, date_type_until) VALUES(18873, 500300000, '58642', NULL, NULL, NULL, NULL, NULL, '1970-01-01', 300500000);

INSERT INTO geodb_textdata (loc_id, text_type, text_val, text_locale, is_native_lang, is_default_name, valid_since, date_type_since, valid_until, date_type_until) VALUES(18873, 500300000, '58644', NULL, NULL, NULL, NULL, NULL, '1970-01-01', 300500000);

INSERT INTO geodb_textdata (loc_id, text_type, text_val, text_locale, is_native_lang, is_default_name, valid_since, date_type_since, valid_until, date_type_until) VALUES(622, 500100000, 'Märkischer Kreis', 'de', 1, 1, NULL, NULL, '1970-01-01', 300500000);

INSERT INTO geodb_textdata (loc_id, text_type, text_val, text_locale, is_native_lang, is_default_name, valid_since, date_type_since, valid_until, date_type_until) VALUES(622, 400300000, 'Kreis', 'de', 1, 1, NULL, NULL, '1970-01-01', 300500000);

INSERT INTO geodb_type_names (type_id, type_locale, name) VALUES(500100000, 'de', 'Name');

INSERT INTO geodb_type_names (type_id, type_locale, name) VALUES(500300000, 'de', 'Postleitzahl');

